"Reference","Speaker","Codes","Discourse","Context","C1","C2_","_C3","S1","S2_","S3_"
49517,"75ccb2",422,"read","au Premier Ministre","t","R","?",0,1,"?"
49521,"75ccb2",1122,"read","en désespoir0412 decause0414, décidé à  d'écrire0411 au Premier M","R","d","k",1,0,0
49534,"75ccb2",1122,"read","que0412 maire0412 deBeaulieu ne1112 sait plus à  quel0412 saint se111","R","d","b",1,0,0
49539,"75ccb2",1122,"read","ans l'église0412 deSaint Martinville0413.","z","d","s",1,0,1
49544,"75ccb2",1422,"read","Quelques fanatique0411s auraient même0411 entamé","l","k","f",3,0,1
49551,"75ccb2",422,"read","ue1112 des activistes des commune0412s voisine0412s prépare0411nt une","s","t","d",1,0,0
49558,"75ccb2",1422,"read","OuestLiberté et Le1112 Nouvel0411 Observateur0413","s","t","l",1,0,3
49561,"75ccb2",422,"read","quelque1421s articles parus dans La Dépêche0412 du Centre0424, L'Exp","k","l","p",0,3,0
49572,"75ccb2",1422,"read","jaloux de0112 notreliberté.","t","R","l",0,1,3
49576,"75ccb2",1122,"read","ne0412 membre0422 del'opposition aurait déclaré : Dans le0112 coin","R","d","l",1,0,3
49578,"75ccb2",422,"read","Un jeune0412 membrede1122 l'opposition aurait déclaré : Dans le01","b","R","d",0,1,0
49581,"75ccb2",1422,"read","s d'identité risquent de1112 provoquer une0411 explosion.","s","k","d",1,0,0
49588,"75ccb2",1122,"read","est fait pour0412 leprotéger.","R","l","p",1,3,0
49590,"75ccb2",1122,"read","et s'assure0412 quetout est fait pour0412 le1122 protéger.","R","k","t",1,0,0
49597,"75ccb2",422,"read","du Premier Ministre, le1122 gouverne0322ment prend contac0411t avec04","t","R"," l",0,1,3
49598,"75ccb2",1122,"read","ier Ministre0422, legouverne0322ment prend contac0411t avec0412 la pr","R","l","g",1,3,0
49601,"75ccb2",1422,"read","D'un autrecôté, à  chaque0412 voyage0412 du Premier Minis","t","R","k",0,1,0
49602,"75ccb2",422,"read","bor0412ds manifestent leur0412 colère0413.","s","t","l",1,0,3
49620,"75ccb2",1122,"read","ne1122 cesse0412 debaisser de1212puis les élections.","s","d","b",1,0,0
49622,"75ccb2",1122,"read","mier Ministre0422 necesse0412 de1122 baisser de1212puis les élection","R","n","s",1,2,1
49623,"75ccb2",422,"read","du Premier Ministrene1122 cesse0412 de1122 baisser de1212puis les é","t","R","n",0,1,2
49637,"75ccm1",1122,"read","en désespoir0412 decause0412, décidé à  écrire0411 au Premier Min","R","d","k",1,0,0
49650,"75ccm1",1122,"read","que0412 maire0412 deBeaulieu ne1112 sait plus à  quel0412 saint se111","R","d","b",1,0,0
49655,"75ccm1",1122,"read","ans l'église0412 deSaint Martinville0413.","z","d","s",1,0,1
49660,"75ccm1",1422,"read","Quelques fanatique0411s auraient même0411 entamé un je","l","k","f",3,0,1
49667,"75ccm1",1422,"read","ue1112 les activistes des commune0412s voisine0412s prépare0411nt une","s","t","d",1,0,0
49673,"75ccm1",422,"read","L'Express0411, OuestLiberté et Le1112 Nouvel0411 Observateur0413","s","t","l",1,0,3
49678,"75ccm1",1422,"read","quelque1421s articles parus dans La Dépêche0412 du Centre0423,","k","l","p",0,3,0
49688,"75ccm1",1422,"read","jaloux de1112 notreliberté.","t","R","l",0,1,3
49692,"75ccm1",1122,"read","ne0412 membre0422 del'opposition aurait déclaré :","R","d","l",1,0,3
49693,"75ccm1",422,"read","Un jeune0412 membrede1122 l'opposition aurait déclaré :","b","R","d",0,1,0
49697,"75ccm1",1422,"read","s d'identité risquent de1112 provoquer une0411 explosion.","s","k","d",1,0,0
49704,"75ccm1",1122,"read","est fait pour0412 leprotéger.","R","l","p",1,3,0
49706,"75ccm1",1122,"read","et s'assure0412 quetout est fait pour0412 le1122 protéger.","R","k","t",1,0,0
49717,"75ccm1",1422,"read","D'un autrecôté, à  chaque0412 voyage0412 du Premier Minis","t","R","k",0,1,0
49745,"75ccr1",422,"read","au Premier Ministrepour0412 vérifier si son village0413","t","R","p",0,1,0
49747,"75ccr1",1122,"read","en désespoir0412 decause0413,","R","d","k",1,0,0
49762,"75ccr1",1122,"read","que0412 maire0412 deBeaulieu ne1112 sait plus à  quel0412 saint se111","R","d","b",1,0,0
49765,"75ccr1",1122,"read","ans l'église0412 deSaint Martinville0413.","z","d","s",1,0,1
49771,"75ccr1",1422,"read","Quelques fanatique0411s auraient même0411 entamé un je","l","k","f",3,0,1
49778,"75ccr1",422,"read","ue1112 des activistes des commune0412s voisine0413s","s","t","d",1,0,0
49784,"75ccr1",422,"read","L'Express0411, OuestLiberté et Le1112 Nouvel0411 Observateur0413","s","t","l",1,0,3
49786,"75ccr1",422,"read","pêche0412 du Centre, L'Express0411, Ouest0422 Liberté et Le1112 Nouv","t","R","l",0,1,3
49788,"75ccr1",1422,"read","quelque1421s articles parus dans La Dépêche0412 du Centre0422, L'Exp","k","l","p",0,3,0
49800,"75ccr1",1422,"read","jaloux de1112 notreliberté.","t","R","l",0,1,3
49802,"75ccr1",422,"read","Un jeune0412 membrede1122 l'opposition aurait déclaré :","b","R","d",0,1,0
49803,"75ccr1",1122,"read","ne0412 membre0422 del'opposition aurait déclaré :","R","d","l",1,0,3
49809,"75ccr1",1422,"read","s d'identité risquent de1112 provoquer une0411 explosion.","s","k","d",1,0,0
49815,"75ccr1",1122,"read","est fait pour0412 leprotéger.","R","l","p",1,3,0
49817,"75ccr1",1122,"read","et s'assure0412 quetout est fait pour0412 le1122 protéger.","R","k","t",1,0,0
49824,"75ccr1",1122,"read","ier Ministre0422, legouverne1322ment prend contact0421 avec0412 la pr","R","l","g",1,3,0
49826,"75ccr1",422,"read","du Premier Ministre, le1122 gouverne1322ment prend contact0421 avec04","t","R"," l",0,1,3
49828,"75ccr1",1422,"read","D'un autrecôté, à  chaque0412 voyage0412 du Premier Minis","t","R","k",0,1,0
49831,"75ccr1",1422,"read","bor0412ds manifestent leur0412 colère0413.","s","t","l",1,0,3
49849,"75ccr1",1122,"read","ne1122 cesse0412 debaisser de1212puis les élections.","s","d","b",1,0,0
49850,"75ccr1",422,"read","du Premier Ministrene1122 cesse0412 de1122 baisser de1212puis les é","t","R","n",0,1,2
49851,"75ccr1",1122,"read","mier Ministre0422 necesse0412 de1122 baisser de1212puis les élection","R","n","s",1,2,1
49854,"75ccr1",1422,"read","1122 Beaulieu - MarcBlanc - est en re1212vanche0412 très inquiet.","R","k","b",1,0,0
49856,"75ccr1",1122,"read","Le1132 maire0412 deBeaulieu - Marc1422 Blanc - est en re1212vanche04","R","d","b",1,0,0
50106,"75clb1",1122,"read","en désespoir0412 decause0412, décidé à  écrire0411 au Premier Min","R","d","k",1,0,0
50119,"75clb1",1122,"read","que0412 maire0412 deBeaulieu ne1112 sait plus à  quel0412 saint se111","R","d","b",1,0,0
50124,"75clb1",1122,"read","ans l'église0412 deSaint Martinville0413.","z","d","s",1,0,1
50130,"75clb1",1422,"read","Quelques fanatique0411s auraient même0411 entamé un je","l","k","f",3,0,1
50136,"75clb1",1422,"read","ue1112 des activistes des commune0412s voisine0414s","s","t","d",1,0,0
50142,"75clb1",1422,"read","L'Express0411, OuestLiberté","s","t","l",1,0,3
50144,"75clb1",422,"read","pêche0412 du Centre, L'Express0411, Ouest1422 Liberté","t","R"," l",0,1,3
50146,"75clb1",422,"read","quelque1421s articles parus dans La Dépêche0412 du Centre0422, L'Exp","k","l","p",0,3,0
50157,"75clb1",1422,"read","jaloux de1112 notreliberté.","t","R","l",0,1,3
50162,"75clb1",1422,"read","Un jeune0412 membrede1112 l'opposition aurait déclaré :","b","R","d",0,1,0
50166,"75clb1",1422,"read","s d'identité risquent de1112 provoquer une0411 explosion.","s","k","d",1,0,0
50172,"75clb1",1122,"read","est fait pour0412 leprotéger.","R","l","p",1,3,0
50175,"75clb1",1122,"read","et s'assure0412 quetout est fait pour0412 le1122 protéger.","R","k","t",1,0,0
50182,"75clb1",1122,"read","ier Minist0452re, legouverne1322ment prend contact0421 avec0412 la pr","R","l","g",1,3,0
50185,"75clb1",1422,"read","D'un autrecôté,","t","R","k",0,1,0
50189,"75clb1",1422,"read","bor0412ds manifestent leur0412 colère0413.","s","t","l",1,0,3
50455,"75csb1",1122,"read","en désespoir0412 decause0413,","R","d","k",1,0,0
50468,"75csb1",1122,"read","que0412 maire0412 deBeaulieu ne1112 sait plus à  quel0412 saint se111","R","d","b",1,0,0
50472,"75csb1",1122,"read","ans l'église0412 deSaint-Martinville0413.","z","d","s",1,0,1
50478,"75csb1",1422,"read","Quelques fanatique0411s auraient même0411 entamé un je","l","k","f",3,0,1
50485,"75csb1",422,"read","que1112 des activistes des commune0412s voisine0413s","s","t","d",1,0,0
50491,"75csb1",422,"read",,"s","t","?",1,0,"?"
50495,"75csb1",422,"read","quelque1421s articles parus dans La Dépêche0412 du Centre0423,","k","l","p",0,3,0
50507,"75csb1",1422,"read","jaloux de1112 notreliberté.","t","R","l",0,1,3
50509,"75csb1",1122,"read","ne0412 membre0422 del'opposition aurait déclaré :","R","d","l",1,0,3
50511,"75csb1",422,"read","Un jeune0412 membrede1122 l'opposition aurait déclaré :","b","R","d",0,1,0
50516,"75csb1",1422,"read","risquent de1112 provoquer une0411 explosion.","s","k","d",1,0,0
50521,"75csb1",1122,"read","est fait pour0412 leprotéger.","R","l","p",1,3,0
50524,"75csb1",1122,"read","et s'assure0412 quetout est fait pour0412 le1122 protéger.","R","k","t",1,0,0
50534,"75csb1",1422,"read","D'un autrecôté,","t","R","k",0,1,0
50537,"75csb1",1422,"read","manifestent leur0412 colère0413.","s","t","l",1,0,3
50555,"75csb1",1122,"read","ne1122 cesse0412 debaisser de1212puis les élections.","s","d","b",1,0,0
50731,"75ccb2",1422,"read","1122 Beaulieu - MarcBlanc - est en re1212vanche0412 très inquiet","R","k","b",1,0,0
50733,"75ccb2",1122,"read","Le1132 maire0412 deBeaulieu - Marc1422 Blanc - est en re1212vanche04","R","d","b",1,0,0
50739,"75ccb2",1122,"read","ut découvrir0412 cequ'il0411 appelle0412 ' la campagne0412 profonde","R","s","k",1,1,0
50746,"75ccb2",1422,"read","122 Premier Ministre, lassé des circuits habituel0412s qui tournaient","t","R"," l",0,1,3
50748,"75ccb2",1122,"read","0312ment, car0412 lePremier Ministre1422, lassé des circuits habitue","R","l","p",1,3,0
50758,"75ccb2",1122,"read","ent son usine0412 depâte0411s italienne2413s.","n","d","p",2,0,0
50764,"75ccb2",1122,"read","ux olympique0412s deBerlin en dix0412-neuf0412 cent trente0412 six041","k","d","b",0,0,0
50771,"75ccm1",1122,"read","ne1122 cesse0412 debaisser de1212puis les élections.","s","d","b",1,0,0
50773,"75ccm1",1422,"read","du Premier Ministrene1122 cesse0412 de1122 baisser de1212puis les é","t","R","n",0,1,2
50774,"75ccm1",1122,"read","mier Ministre1422 necesse0412 de1122 baisser de1212puis les élection","R","n","s",1,2,1
50776,"75ccm1",422,"read","1122 Beaulieu - MarcBlanc - est en re1212vanche0412 très inquiet.","R","k","b",1,0,0
50778,"75ccm1",1122,"read","Le1132 maire0412 deBeaulieu - Marc0422 Blanc - est en re1212vanche04","R","d","b",1,0,0
50784,"75ccm1",1122,"read","ut découvrir0412 cequ'il appelle0412 ' la campagne0412 profonde0413","R","s","k",1,1,0
50791,"75ccm1",422,"read","122 Premier Ministrelassé des circuits habituel0414s","t","R","l",0,1,3
50792,"75ccm1",1122,"read","car0412 lePremier Ministre0422 lassé des circuits habituel","R","l","p",1,3,0
50801,"75ccm1",1122,"read","ent son usine0412 depâte0412s italiennes.","n","d","p",2,0,0
50808,"75ccm1",1122,"read","ux olympique0412s deBerlin en mille0412 neuf0412 cent trente0412 six0","k","d","b",0,0,0
50812,"75ccr1",1122,"read","ut découvrir0412 cequ'il0411 appelle0412 ' la campagne1412 profonde","R","s","k",1,1,0
50819,"75ccr1",422,"read","122 Premier Ministre, lassé des circuits habituel0413s","t","R"," l",0,1,3
50820,"75ccr1",1122,"read","car0412 lePremier Ministre0422, lassé des circuits habitue","R","l","p",1,3,0
50831,"75ccr1",1122,"read","nt, son usine0412 depâte1412s italienne0413s.","n","d","p",2,0,0
50836,"75ccr1",1122,"read","ux olympique0412s deBerlin en mille0412 neuf0412 cent trente0412 six0","k","d","b",0,0,0
50919,"75clb1",1122,"read","ne1112 cesse0412 debaisser de1212puis les élections.","s","d","b",1,0,0
50925,"75clb1",1422,"read","1122 Beaulieu - MarcBlanc -","R","k","b",1,0,0
50926,"75clb1",1122,"read","Le1132 maire0412 deBeaulieu - Marc1422 Blanc -","R","d","b",1,0,0
50933,"75clb1",1122,"read","ut découvrir0412 cequ'il0411 appelle0412 ' la campagne0412 profonde","R","s","k",1,1,0
50940,"75clb1",422,"read","122 Premier Ministre, lassé des circuits habituel0412s qui tournaient","t","R"," l",0,1,3
50941,"75clb1",1122,"read","0312ment, car0412 lePremier Ministre0422, lassé des circuits habitue","R","l","p",1,3,0
50948,"75clb1",1122,"read","grand honneur0413 ?","?","?","g","?","?",0
50953,"75clb1",1122,"read","nt, son usine0412 depâte0411s italienne0413s.","n","d","p",2,0,0
50958,"75clb1",1122,"read","ux olympique0412s deBerlin en dix0412-neuf0412 cent trente0412-six041","k","d","b",0,0,0
51030,"75csb1",1122,"read","mier Ministre0422 necesse0412 de1122 baisser de1212puis les élection","R","n","s",1,2,1
51031,"75csb1",422,"read","du Premier Ministrene1122 cesse0412 de1122 baisser de1212puis les é","t","R","n",0,1,2
51035,"75csb1",1122,"read","Le1132 maire0412 deBeaulieu - Marc0422 Blanc -","R","d","b",1,0,0
51036,"75csb1",422,"read","1122 Beaulieu - MarcBlanc -","R","k","b",1,0,0
51043,"75csb1",1122,"read","ut découvrir0412 cequ'il0411 appelle0412 ' la campagne0412 profonde","R","s","k",1,1,0
51051,"75csb1",1122,"read","car0412 lePremier Ministre0424,","R","l","p",1,3,0
51062,"75csb1",1122,"read","nt, son usine0412 depâte0411s italienne0413s.","n","d","p",2,0,0
51068,"75csb1",1122,"read","ux olympique0412s deBerlin en mille0412 neuf0412 cent trente0412-six0","k","d","b",0,0,0
51130,"75ccb2",1122,"read","hampion local0412 decourse0421 à  pied (Louis Garret)","l","d","k",3,0,0
51135,"75ccb2",1122,"read","de1112 gloire0412 deBeaulieu étaient son vin blanc sec0411, et ses c","R","d","b",1,0,0
51138,"75ccb2",1422,"read","les seul0412s titres de1112 gloire0412 de1122 Beaulieu étaient son v","t","R","d",0,1,0
51141,"75ccm1",1122,"read","hampion local0412 decourse0421 à  pied (Louis Garret)","l","d","k",3,0,0
51146,"75ccm1",1122,"read","de1112 gloire0412 deBeaulieu étaient son vin blanc sec0414,","R","d","b",1,0,0
51149,"75ccm1",1422,"read","les seul0412s titres de1112 gloire0412 de1122 Beaulieu étaient son v","t","R","d",0,1,0
51153,"75ccr1",1122,"read","hampion local0412 decourse0421 à  pied (Louis Garret),","l","d","k",3,0,0
51158,"75ccr1",1122,"read","de1122 gloire0412 deBeaulieu","R","d","b",1,0,0
51180,"75clb1",1122,"read","hampion local0412 decourse0421 à  pied (Louis Garret),","l","d","k",3,0,0
51185,"75clb1",1122,"read","de1122 gloire0412 deBeaulieu étaient son vin blanc sec0414,","R","d","b",1,0,0
51187,"75clb1",1122,"read","l0412s titre1422s degloire0412 de1122 Beaulieu étaient son vin blanc","R","d","g",1,0,0
51211,"75csb1",1122,"read","hampion local0412 decourse0421 à  pied (Louis Garret),","l","d","k",3,0,0
51216,"75csb1",1122,"read","de1122 gloire0412 deBeaulieu","R","d","b",1,0,0
51218,"75csb1",1122,"read","l0412s titre0422s degloire0412 de1122 Beaulieu","R","d","g",1,0,0
51259,"75ccb2",1122,"read","0411 au cour0412s desa tournée de1112 la région en fin d'année.","R","d","s",1,0,1
51268,"75ccb2",1122,"read","e1132 village0412 deBeaulieu est en grand émoi.","ʒ","d","b",1,0,0
51274,"75ccm1",1122,"read","0411 au cour0412s dela tournée de1112 la région en fin d'année.","R","d","l",1,0,3
51283,"75ccm1",1122,"read","e1132 village0412 deBeaulieu est en grand émoi.","ʒ","d","b",1,0,0
51286,"75ccr1",1122,"read","l0412s titre1422s degloire0412 de1122 Beaulieu","R","d","g",1,0,0
51287,"75ccr1",1422,"read","les seul0412s titres de1122 gloire0412 de1122 Beaulieu","t","R","d",0,1,0
51290,"75ccr1",1122,"read","au cour0412s desa tournée de1112 la région en fin d'année.","R","d","s",1,0,1
51299,"75ccr1",1122,"read","e1132 village0412 deBeaulieu est en grand émoi","ʒ","d","b",1,0,0
51331,"75clb1",1422,"read","les seul0412s titres de1122 gloire0412 de1122 Beaulieu étaient son v","t","R","d",0,1,0
51335,"75clb1",1122,"read","au cour0412s desa tournée de1112 la/ de1112 la région en fin d","R","d","s",1,0,1
51344,"75clb1",1122,"read","e1132 village0412 deBeaulieu est en grand émoi.","ʒ","d","b",1,0,0
51377,"75csb1",422,"read","les seul0412s titres de1122 gloire0412 de1122 Beaulieu","t","R","d",0,1,0
51380,"75csb1",1122,"read","0411 au cour0412s desa tournée de1112 la région en fin d'année.","R","d","s",1,0,1
51389,"75csb1",1122,"read","e1132 village0412 deBeaulieu est en grand émoi.","ʒ","d","b",1,0,0
51425,"75ccm1",422,"read","12 trouver au centred'une0412 bataille0412 politique0413","t","R","d",0,1,0
51429,"75ccr1",422,"read","12 trouver au centred'une0412 bataille0412 politique0413","t","R","d",0,1,0
51445,"75clb1",1422,"read","12 trouver au centred'une0412 bataille0412 politique0413","t","R","d",0,1,0
51460,"75csb1",422,"read","12 trouver au centred'une0412 bataille0412 politique0413","t","R","d",0,1,0
122725,"75ccb2",422,"guided","i j'avais tout justedix-sept0413.","s","t","d",1,0,0
122727,"75ccb2",1422,"guided","uh non parce0312 quemoi j'avais tout juste0422 dix-sept0413.","s","k","m",1,0,2
122729,"75ccb2",1422,"guided",": Non parce0312 quemoi j'avais euh non parce0312 que1422 moi j'avais","s","k","m",1,0,2
122744,"75ccb2",1122,"guided","à  que1112 je0112 mesuis fait des pote0412s du quartier.","ʒ","m","s",1,2,1
122750,"75ccb2",1122,"guided","CB : Ben je0112 mesuis dit 'ben ça a l'air0412 cool0412 j'y vais'","ʒ","m","s",1,2,1
122772,"75ccb2",1422,"guided","e0412s parce0312 quemon papa voulait l'emme0312ner au scout0412 il vo","s","k","m",1,0,2
122777,"75ccb2",1122,"guided","une1412 crise0412 delarme1423s.","z","d","l",1,0,3
122784,"75ccb2",1422,"guided","nchait parce0312 quemes/ mes/ mes frangins avaient adoré.","s","k","m",1,0,2
122789,"75ccb2",1122,"guided","0112 commence0412 lescout0411 à  huit0411 ans et moi ça me0112 branc","s","l","s",1,3,1
122794,"75ccb2",1422,"guided","2 rap/ parce0312 quemes grands frère0411s avaient fait du scoutisme0","s","k","m",1,0,2
122802,"75ccm1",422,"guided","CM : Analystefinancier sur0412 les actions.","s","t","f",1,0,1
122810,"75ccm1",1122,"guided","e0122 secteur0412 dela technologie, donc0412 des sociétés qui font","R","d","l",1,0,3
122813,"75ccm1",122,"guided","isais ça sur0412 lesecteur0412 de1122 la technologie, donc0412 des s","R","l","s",1,3,1
122815,"75ccm1",1122,"guided","qui s'appelle0412 le(X).","l","l","?",3,3,"?"
122824,"75ccm1",1122,"guided",": En Europe0412 del'Est0413. E : Hum. CM : En Pologne0411 en Hongri","p","d","l",0,0,3
122829,"75ccm1",1422,"guided","r1412 secteur0412 de/ d'activité économique0413.","R","d","d",1,0,0
122846,"75ccm1",422,"guided","2 science0411 exacteloin de0112 là . E : Hum.","k","t","l",0,0,3
122850,"75ccm1",1422,"guided","est passé ça entretemps donc1413'.","t","R","t",0,1,0
122854,"75ccm1",1122,"guided","é un peu ce0112 quetu leur0411 as dit ou tu as toujour0412s des moye","s","k","t",1,0,0
122865,"75ccm1",1422,"guided","te0412 parce0352 quetu dis 'ache0312tez' bon le1112 truc0412 même041","s","k","t",1,0,0
122881,"75ccm1",1122,"guided","rrivé on/ je0112 mesuis dit 'bon quand même0411' on va être0421 eu","ʒ","m","s",1,2,1
122902,"75ccm1",1122,"guided","les/ un type0412 deproduit enfin je0112 sais pas si tu es familière","p","d","p",0,0,0
122904,"75ccm1",1422,"guided","appelle0411 analystefinancier.","s","t","f",1,0,1
122908,"75ccm1",122,"guided","dre0422s donc0412 jesuis parti à  Londre0422s toujour0412s chez (X).","k","ʒ","s",0,1,1
122909,"75ccm1",422,"guided","suis parti à  Londres toujour0412s chez (X).","d","R","t",0,1,0
122911,"75ccm1",422,"guided","CM : A Londres donc0412 je0122 suis parti à  Londre0422s toujou","d","R","d",0,1,0
122924,"75ccm1",122,"guided","CM : Donc0412 jesuis parti avec0411 une0411 aut0452re personne041","k","ʒ","s",0,1,1
122927,"75ccr1",1122,"guided","j'ai pas mal0412 deno/ j'ai des notions grammaticale0412s","l","d","n",3,0,2
122930,"75ccr1",1122,"guided","e0411 en fait0412 je/ je1112/ je1112 sais et j'ai/ j'ai pas mal0412 de","t","ʒ"," ʒ",0,1,1
122950,"75ccr1",1222,"guided","énéral0411 ils prenaient","p","R","n",0,1,2
122952,"75ccr1",1122,"guided","leur0411s il0412s leparlaient pas forcément>","l","l","p",3,3,0
122955,"75ccr1",1122,"guided","aient pas il0412s leparlaient pas forcément d'ailleur0411s il0412s l","l","l","p",3,3,0
122957,"75ccr1",1122,"guided","CR : Il0412s leparlaient déjà  plus ou moins mais pas bien.","l","l","p",3,3,0
122962,"75ccr1",1422,"guided","ol0412 parce0352 quel'arabe1413.","s","k","l",1,0,3
122966,"75ccr1",1222,"guided","2naient peu. Ils prenaient surtout l'espagnol0412 parce0352 que1422 l'","p","R","n",0,1,2
122967,"75ccr1",1222,"guided",": Il0412s le1112 prenaient peu. Ils pre1222naient surtout l'espagnol04","p","R","n",0,1,2
122970,"75ccr1",1222,"guided","s il0412s le1122 prenaient pas>","p","R","n",0,1,2
122971,"75ccr1",1122,"guided","CR : Mais il0412s lepre1222naient pas>","l","l","p",3,3,0
122978,"75ccr1",1122,"guided","peux pas dire0412 jeparle0413.","R","ʒ","p",1,1,0
122983,"75ccr1",1122,"guided","0411 hein ce0112 queje0112 dis hein ma","s","k","ʒ",1,0,1
123000,"75ccr1",422,"guided","Mais par0411 exemplerécemment j'ai eu un dîner avec0411 un, un ami","p","l","R",0,3,1
123008,"75ccr1",1122,"guided","e1112 peu que0112 jesais c'est de0112 l'arabe0412 littéral0413. E :","k","ʒ","s",0,1,1
123013,"75ccr1",422,"guided","euh moi je0112 parlel'arabe0412 littéral0411 enfin le1112 peu que011","R","l","l",1,3,3
123034,"75ccr1",1122,"guided","es notions je0112 lelis.","ʒ","l","l",1,3,3
123037,"75ccr1",422,"guided","ire0412 je1112 parlel'arabe0411 hein. Mais j'ai des notions je0112 le","R","l","l",1,3,3
123039,"75ccr1",122,"guided","tions d'arabe0412 jepeux pas dire0412 je1112 parle0422 l'arabe0411 he","b","ʒ","p",0,1,0
123287,"75clb1",1122,"guided","les croûte0412s defromage0413 (rires) E : Oh (rires)","t","d","f",0,0,1
123293,"75clb1",1422,"guided",": Il faisait quelquechose0412 qui était euh très français c'est-à ","l","k","ʃ",3,0,1
123300,"75clb1",1122,"guided","t des étude0412s debiologie.","d","d","b",0,0,0
123337,"75clb1",1122,"guided","c'est pas mal0412 deparler plusieur0412s langue0412s couramment (rire","l","d","p",3,0,0
123344,"75clb1",1122,"guided","452re langue0412 quele0112 français.","g","k","l",0,0,3
123356,"75clb1",1222,"guided","ême0412 pour0412 regarder des fil0451ms il y en a très peu en alle03","R","R","g",1,1,0
123359,"75clb1",1422,"guided","t plus parce0352 quemême0412 pour0412 re1222garder des fil0451ms il","s","k","m",1,0,2
123373,"75clb1",1122,"guided","t euh langue0412s de/ de1112 travail0411 en fait0411 et encore0412 c'","g","d"," d",0,0,0
123517,"75csb1",1122,"guided","que0112 chef0412 deproduit chez (X).","f","d","p",1,0,0
123523,"75csb1",1122,"guided","t de0112 chef0412 deproduit.","f","d","p",1,0,0
123542,"75csb1",1122,"guided","0412 d'école0412 decommerce0413.","l","d","k",3,0,0
123552,"75csb1",122,"guided","SB : Euh donc0412 jesuis restée trois ans là -bas oui on était dans","k","ʒ","s",0,1,1
123568,"75csb1",1122,"guided","je1112 euh je0112 mesuis pas vraiment re0212trouvé là -de0212dans. J","ʒ","m","s",1,2,1
123578,"75csb1",422,"guided",,"t","R","?",0,1,"?"
123598,"75csb1",1122,"guided","SB : Pfff quete1112 dire0412 d'autre0423. C'était euh sans ê","f!","k","t","1!",0,0
123599,"75csb1",1222,"guided","SB : Une0412 petite0412 vie tranquille0411 euh.","n","p","t",2,0,0
123603,"75csb1",222,"guided","même0411 une0412 petite0412 vie euh.","n","p","t",2,0,0
123614,"75csb1",1122,"guided","enne0412 donc0412 lemétro pour0411 aller à  Paris donc1412 voilà .","k","l","m",0,3,2
123618,"75csb1",1122,"guided","s plus jeune0412 queje0112 prenne0412 donc0412 le1122 métro pour0411","n","k","ʒ",2,0,1
123625,"75csb1",422,"guided","mi-che1212min entrela banlieue et Paris c'est-à -dire0412 que1121 en","t","R","l",0,1,3
123631,"75csb1",1122,"guided","le0112 cent0452re deParis. E : Hum.","R","d","p",1,0,0
123640,"75csb1",1422,"guided","Paris parce0352 quequand j'étais plus jeune0412 donc0412 j'habitais","s","k","k",1,0,0
123642,"75csb1",1122,"guided","eur0412 coeur0412 deParis parce0352 que1422 quand j'étais plus jeune","R","d","p",1,0,0
123859,"75ccb2",422,"guided","s faire0412 la listemais.","s","t","m",1,0,2
123861,"75ccb2",122,"guided","lande0412 (bruit) jeveux pas faire0412 la liste0422 mais.","?","ʒ","v","?",1,1
123869,"75ccb2",422,"guided","quateur0411 euh septmois.","p*","t","m","0*",0,2
123877,"75ccb2",122,"guided","r0412 ça que0112 jete1122 disais plus0412 la musique0412 voilà . (br","k","ʒ","t",0,1,0
123878,"75ccb2",1122,"guided","disais plus0412 la musique0412 voilà . (bruit)","?","?","d","?","?",0
123883,"75ccb2",1122,"guided","2 la musique0412 quela lecture0413. C'est pour0412 ça que0112 je0122","k","k","l",0,0,3
123886,"75ccb2",1122,"guided","mme0412 si je0112 tedisais je0112 lis beaucoup aussi tu vois c'est pa","ʒ","t","d",1,0,0
123932,"75ccr1",1422,"guided","agnol0411 et quelques notions d'italien j'ai/ en général0412 j'arriv","l","k","n",3,0,2
123938,"75ccr1",1122,"guided","bien mais je0112 leparle0423.","ʒ","l","p",1,3,0
123947,"75ccr1",422,"guided",,"t","R","?",0,1,"?"
124027,"75clb1",1122,"guided","nt de1112 ce0112 quemoi j'ai fait mais dans les matière0412s scienti","s","k","m",1,0,2
124051,"75clb1",1422,"guided",,"t","R","?",0,1,"?"
124053,"75clb1",1422,"guided",,"t","R","?",0,1,"?"
124055,"75clb1",1422,"guided",,"t","R","?",0,1,"?"
124077,"75clb1",1122,"guided","112 contrôle0412 degestion. E : Hum hum.","l","d","ʒ",3,0,1
124135,"75csb1",122,"guided","12 pe1222tite0412 jerêvais d'habiter dans le0112 coeur0412 coeur0412","t","ʒ","R",0,1,1
124136,"75csb1",1222,"guided","212puis toute0412 petite0412 je0122 rêvais d'habiter dans le0112 coeu","t","p","t",0,0,0
124146,"75csb1",1122,"guided","SB : Pour0412 leshopping0413. E : Hum hum. SB : Très important p","R","l","ʃ",1,3,1
124155,"75csb1",1422,"guided","se0412 parce0352 quemon ami euh mon copain habitait là -bas.","s","k","m",1,0,2
124221,"75ccb2",1122,"guided","12 mélomane0412 queça.","n","k","s",2,0,1
124228,"75ccb2",1122,"guided","cds avant de0112 meles faire0412 voler voilà  mais c'est pas un.","d","m","l",0,2,3
124229,"75ccm1",1222,"guided","une0412 toute0412 petite0411 antenne0411 on était trois.","t","p","t",0,0,0
124233,"75ccm1",1222,"guided","un bureau de0112 représentation qui est un tout pe0212tit euh enfin","d","R","p",0,1,0
124244,"75ccr1",1122,"guided","suis passée directe1322ment en faculté en deuxi","?","?","s","?","?",1
124262,"75clb1",1122,"guided",": Un peu plus0412 dedix0411 ans dans le0112 contrôle0412 de1122 gest","s","d","d",1,0,0
124266,"75clb1",1122,"guided","112 contrôle0412 degestion. E : Hum hum.","l","d","ʒ",3,0,1
124269,"75clb1",1122,"guided","nc0412 moi je0112 mesuis spécialisée dans le0112 contrôle0412 de11","ʒ","m","s",1,2,1
124287,"75csb1",1422,"guided","eu euh de1112 courtedurée et de1212puis mes vingt0412 quatre0421 ans","R","t","d",1,0,0
124353,"75ccm1",1122,"guided","tait analyste0422 decrédit ça c'était à  la (X) en stage0412 penda","t","d","k",0,0,0
124354,"75ccm1",422,"guided","2s c'était analystede1122 crédit ça c'était à  la (X) en stage041","s","t","d",1,0,0
124355,"75ccm1",422,"guided","h donc0412 les postes c'était analyste0422 de1122 crédit ça c'étai","s","t","s",1,0,1
124362,"75ccm1",1122,"guided","je1112/ j'ai fait jebossais que1112 dans la/ dans les banque0413s.","t","ʒ","b",0,1,0
124365,"75ccm1",1422,"guided","CM : Analystede1112 crédit.","s","t","d",1,0,0
124368,"75ccr1",1122,"guided","CR : Ensuite0412 jesuis je0112 suis pas allée en khâgne0412 je1122","t","ʒ","s",0,1,1
124375,"75ccr1",1122,"guided","ne0412 classe0412 deprépara/ une0412 classe0412 préparatoire0413. E","s","d","p",1,0,0
124412,"75clb1",1122,"guided","t par exemp0452le dela comptabilité de1112 la gestion du marketing04","l","d","l",3,0,3
124484,"75ccm1",1422,"guided","ce0412 parce0312 queje0112 voulais changer un peu de0112 boulot.","s","k","ʒ",1,0,1
124488,"75ccr1",1122,"guided","12s jesais oh.","?","ʒ","s","?",1,1
182404,"75ccb2",122,"free","en de1211hor0412s deson pantalon mais ça va pas durer vingt se0212co","R","d","s",1,0,1
182412,"75ccb2",1122,"free","as les meuf0412s del'autre0423.","f","d","l",1,0,3
182420,"75ccb2",1422,"free","le0412 parce0312 quetu avais des.","s","k","t",1,0,0
182428,"75ccb2",1122,"free","ner des cour0412s de/ de1112 rock0413.","R","d"," d",1,0,0
182434,"75ccb2",422,"free","ont genre0411 entrevingt0411 et vingt0412-cinq0411 ans et qui eux vi","t","R","v",0,1,1
182448,"75ccb2",1122,"free",": On va dire0412 dedix0411-huit0411 heure0411s à  vingt0412-deux heu","R","d","d",1,0,0
182453,"75ccb2",1122,"free","rallye cour0412s dedanse0412 c'est genre0412 de1121 euh.","R","d","d",1,0,0
182464,"75ccb2",1122,"free","rallye cour0412s dedanse0413.","R","d","d",1,0,0
182465,"75ccb2",422,"free","le0112 rallye bridgetu as le0112 rallye cour0412s de1122 danse0413.","d","ʒ","t",0,1,0
182471,"75ccb2",1122,"free","2 fréquence0412 queles soirées de0112 rallye.","s","k","l",1,0,3
182487,"75ccb2",1122,"free","12 les mère0412s debonne0412s famille0413s.","R","d","b",1,0,0
182491,"75ccb2",1122,"free","ais en groupe0412 dedix0411 entourés par0412 les mère0412s","p","d","d",0,0,0
182497,"75ccb2",1122,"free","est-à -dire0412 quele0112 same0312di après-midi>","R","k","l",1,0,3
182522,"75ccb2",1122,"free","du seizième0412 lerallye ben tu connais le0112 principe0412 du rall","m","l","R",2,3,1
182527,"75ccb2",1122,"free","t les course0422s devoiture0412s tu vois>","s","d","v",1,0,1
182528,"75ccb2",422,"free","c'était les courses de1122 voiture0412s tu vois>","R","s","d",1,1,0
182530,"75ccb2",1122,"free","c'était que0112 lebridge0422 pour0412 moi rallye c'était les cours","k","l","b",0,3,0
182531,"75ccb2",422,"free","ue0112 le1122 bridgepour0412 moi rallye c'était les course0422s de11","d","ʒ","p",0,1,0
182533,"75ccb2",1122,"free","avais pas ce0112 quec'était que0112 le1122 bridge0422 pour0412 moi r","s","k","s",1,0,1
182538,"75ccb2",1122,"free","avais pas ce0112 queça voulait dire0412 rallye et je0112 savais pas","s","k","s",1,0,1
182542,"75ccb2",1122,"free","ois des truc0412s decool0412 quoi> d'accord.","k","d","k",0,0,0
182551,"75ccb2",422,"free","était des cartables pff","b","l","p!",0,3,"0!"
182555,"75ccb2",422,"free","restait des cartables les Ta/ les Tann's0414 c'était de","b","l","l",0,3,3
182562,"75ccm1",1422,"free","21 eux parce0312 quequarante0411 et l'aut0452re cinquante0412-cinq041","s","k","k",1,0,0
182568,"75ccm1",122,"free","st plus jeune0412 jele1112 tutoie.","n","ʒ","l",2,1,3
182592,"75ccm1",1122,"free","c'est là  que0112 lesaut de génération se1112 se1112 fait","k","l","s",0,3,1
182593,"75ccm1",1122,"free","s peut-êt0452re quetu vois c'est un c'est là  que0112 le1122 saut de","R","k","s",1,0,1
182598,"75ccm1",1122,"free","Je0132 pense0412 quec'est, ouais je0112 sais pas très bien déjà  qu","s","k","s",1,0,1
182606,"75ccm1",1122,"free","quand est-ce0112 queça allait s'arrêter un pe0212tit peu parce0312","s","k","s",1,0,1
182608,"75ccm1",222,"free","suis toujour0412s demandé d'ailleur0412s quand est-ce0112 que1122 ça","R","d","m",1,0,2
182611,"75ccm1",1122,"free","suis toujour0412s de0222mandé d'ailleur0412s qua","?","?","s","?","?",1
182628,"75ccm1",1122,"free","1132 mon âge0412 denotre0421 âge0411 et que1112 je0112 l'ai (X) on","ʒ","d","n",1,0,2
182632,"75ccm1",1122,"free","une0412 bande0412 dejeune0412s de1123.","d","d","ʒ",0,0,1
182643,"75ccm1",1122,"free","us les genre0412s desituation euh si je0112 vais à  le1111/ au mariag","R","d","s",1,0,1
182648,"75ccm1",122,"free","le0112 monde0412 sefait la bise0412 sauf si tu connais bien c'est de","d","s","f",0,1,1
182664,"75ccm1",122,"free","de0112 suite0412 jesais pas si tu as remarqué mais les Français il","t","ʒ","s",0,1,1
182671,"75ccm1",122,"free","0112 mon âge0412 dema génération qui me0112 sont présentées par0","ʒ","d","m",1,0,2
182676,"75ccm1",1122,"free","es personne0412s queje0112 connais pas qui sont à  peu près de0112 m","n","k","ʒ",2,0,1
182683,"75ccm1",1122,"free","res personne0412s demême0412 génération mais euh.","n","d","m",2,0,2
182690,"75ccm1",1122,"free","le1112 genre0412 desituation oà¹ tu te0112 mets à  tutoyer quelqu'un","R","d","s",1,0,1
182712,"75ccr1",1122,"free","mais ensuite0412 jesais pas euh","t","ʒ","s",0,1,1
182716,"75ccr1",1122,"free","le1121 heaume0412 lebouclier. E : Ouais.","m","l","b",2,3,0
182718,"75ccr1",422,"free","R : Si le1112 casquele1121 heaume0412 le1122 bouclier. E : Ouais.","s","k","l",1,0,3
182721,"75ccr1",1122,"free","ent incapab0452le dedécrire0411 euh,","l","d","d",3,0,0
182726,"75ccr1",1122,"free","e0411 élève0412 dede1112 cinquième0413. E : Oui.","v","d"," d",1,0,0
182734,"75ccr1",1122,"free","ne0411 armure0412 deche1212valier euh.","R","d","ʃ",1,0,1
182738,"75ccr1",1122,"free","uis incapab0452le dedécrire0411 une0411 armure0412 de1122 che1212val","l","d","d",3,0,0
182746,"75ccr1",1422,"free","re0422 parce0352 quenon d'abor0411d il y a des expressi","s","k","n",1,0,2
182749,"75ccr1",422,"free","raiment à  apprendreparce0352 que1422 non d'abor0411d i","d","R","p",0,1,0
182757,"75ccr1",422,"free","i être0421 un textedu/ du dix-septième0412 dix0411-huitième0412","s","t","d",1,0,0
182776,"75ccr1",422,"free","s êt0451re un textedu Moyen-Age1413. E : Hum hum.","s","t","d",1,0,0
182779,"75ccr1",1122,"free","grammaticale0412 del'espagnol0413.","l","d","l",3,0,3
182789,"75ccr1",122,"free","c'est de0112 l'espagnol0411 euh.","?","?","s","?","?",1
182803,"75ccr1",1122,"free","1re un poème0412 deRimbaud à  traduire0412 par0411 exe","m","d","R",2,0,1
182821,"75ccr1",1122,"free","2 latin si je0112 lere0212passais.","ʒ","l","R",1,3,1
182830,"75ccr1",1122,"free","lus0411 avoir0412 lelatin ou.","R","l","l",1,3,3
183047,"75clb1",1222,"free","2 pendant une0412 semaine0414, et il0411 a eu son bac0412 du premier c","n","s","m",2,1,2
183052,"75clb1",1222,"free","pendant cette0412 semaine0412 là .","t","s","m",0,1,2
183059,"75clb1",1122,"free","22 piano pour0412 sedétend0452re donc0412 c'était un coup du piano","R","s","d",1,1,0
183061,"75clb1",1122,"free","vait plus que0112 lepiano pour0412 se1122 détend0452re donc0412 c'é","k","l","p",0,3,0
183067,"75clb1",1122,"free","s 'qu'est-ce0112 quetu fais ?'","s","k","t",1,0,0
183071,"75clb1",122,"free","ais descend0452re jelui disais 'qu'est-ce0112 que1122 tu fais ?'","R","j","l",1,4,3
183082,"75clb1",1122,"free","ncé à  faire0412 lemardi.","R","l","m",1,3,2
183091,"75clb1",1122,"free","1 a les cour0412s sesont terminés.","R","s","s",1,1,1
183099,"75clb1",1122,"free","on avait peur0412 dene0112 pas l'avoir0412 quoi","R","d","n",1,0,2
183109,"75clb1",1222,"free","ue1112 ça ne0112 représente0412 plus rien du tout. E : Hum hum.","n","R","p",2,1,0
183118,"75clb1",422,"free",,"t","R","?",0,1,"?"
183120,"75clb1",422,"free",,"t","R","?",0,1,"?"
183143,"75clb1",1122,"free","411 euh pour0412 queleur0411 élève0411 euh.","R","k","l",1,0,3
183155,"75clb1",1422,"free","LB : Parce0352 quemainte0312nant c'est enfin je1112 sais pas si en","s","k","m",1,0,2
183161,"75clb1",1122,"free","pas toujour0412s lecas. E : Hum hum.","R","l","k",1,3,0
183164,"75clb1",1122,"free","s professeur0412s detravailler en commun. E : Hum hum.","R","d","t",1,0,0
183181,"75clb1",422,"free","s je0112 re1222gardes'il0411 a bien je0112 peux lui expliquer pendant","R","d","s",1,0,1
183182,"75clb1",1222,"free","ui et puis je0112 regarde0422 s'il0411 a bien je0112 peux lui explique","ʒ","R","g",1,1,0
183347,"75csb1",1122,"free","2 c'est sûr0412 queça va re0212tomber sur0412 la gueule0412 du stag","R","k","s",1,0,1
183356,"75csb1",1122,"free","12 des tête0412s deTurc0422 c'est une0412 erreur0413.","t","d","t",0,0,0
183357,"75csb1",422,"free","c'est une0412 erreur0413.","?","?","s","?","?",1
183365,"75csb1",1122,"free","es stagiaire0412s sefont facile0312ment passer pour0412 des tête0412","R","s","f",1,1,1
183369,"75csb1",422,"free","ête0412 de1122 Turcquand tu es stagiaire0413","R","k","k",1,0,0
183370,"75csb1",1122,"free","une0412 tête0412 deTurc0422 quand tu es stagiaire0413","t","d","t",0,0,0
183385,"75csb1",1122,"free",": Qu'est-ce0112 quetu veux qu'elle0411 y fasse0412 là > c'est pas qu","s","k","t",1,0,0
183396,"75csb1",1122,"free","er qu'est-ce0112 quefout ce1112 mec0412 qui est à  côté là  qui éc","s","k","f",1,0,1
183399,"75csb1",1122,"free","doit quand même sede0212mander qu'est-ce0112 que1122 fout ce1112 me","m","s","d",2,1,0
183412,"75csb1",1122,"free","0411s en face0412 desoi ?","s","d","s",1,0,1
183415,"75csb1",1122,"free","nant euh pour0412 lecandidat ?>","R","l","k",1,3,0
183428,"75csb1",422,"free","un autre0421 exemplepour0412 donner euh","p","l","p",0,3,0
183440,"75csb1",1422,"free","igoler parce0352 queleur0414, enfin leur0412 responsab0452le R.H.0413","s","k","l",1,0,3
183653,"75ccb2",1222,"free","a/ doudoune0412s Chevignon enfin quasiment tous0412 quoi.","n","ʃ","v",2,1,1
183665,"75ccb2",1122,"free","r jour0412 je0122 mesuis fait brancher sur0412 mon Tann's0412 tu vois","ʒ","m","s",1,2,1
183666,"75ccb2",122,"free","premier jour0412 jeme1122 suis fait brancher sur0412 mon Tann's0412","R","ʒ","m",1,1,2
183690,"75ccb2",1422,"free","u bien parce0312 quedu coup j'avais ben j'avais neuf0411 ans j'allais","s","k","d",1,0,0
183712,"75ccm1",1122,"free","0412 la salle0412 debain quoi> mais il dort ici ou j'ai/ j'ai","l","d","b",3,0,0
183732,"75ccm1",1122,"free","sais pas ce0112 quetu en as pensé de0112 son apparte1322ment mais c","s","k","t",1,0,0
183748,"75ccr1",1122,"free","0411 épreuve0412 decommentaire0413.","v","d","k",1,0,0
183853,"75clb1",1122,"free","r0412s moi je0112 mesouviens quand une0412 des professeur0411s avait","ʒ","m","s",1,2,1
183861,"75clb1",1122,"free","une0411 heure0412 demath0411 en plus0413. E : Hum hum hum hum.","R","d","m",1,0,2
183863,"75clb1",1122,"free","a le0112 plus0412 dedifficultés a une0411 heure0412 de1122 math0411","s","d","d",1,0,0
183867,"75clb1",1122,"free","le1132 groupe0412 le/ le1112 qui a le0112 plus0412 de1122 difficultés","p","l"," l",0,3,3
183875,"75clb1",1122,"free","0412s bouge0412nt deniveaux en fonction si ils ont progressé ou si a","ʒ","d","n",1,0,2
183885,"75clb1",1222,"free","ais à  chaque0412 petite0412 vacance0412 c'est-à -dire0411 en gros tou","k","p","t",0,0,0
183963,"75csb1",1222,"free","fait tout le0112 recrute0312ment de1112 tous les cadre0421s alor0412s","l","R","k",3,1,0
183973,"75csb1",1122,"free","c'est jus0452te quec'était un pe0212tit débutant et qui n'y connai","t","k","s",0,0,1
183980,"75csb1",122,"free","2 suis sûre0412 quec'était trop un test0423.","R","k","s",1,0,1
183985,"75csb1",1422,"free","e0412' parce0352 queje0112 suis sûre0412 que0122 c'était trop un te","s","k","ʒ",1,0,1
183987,"75csb1",1122,"free","en sortant je0112 mesuis dit 'tu es trop conne0412' parce0352 que1422","ʒ","m","s",1,2,1
183990,"75csb1",1122,"free","n fait0412 je0122 mesuis sentie hyper0412 bien et en sortant je0112 m","ʒ","m","s",1,2,1
183991,"75csb1",122,"free","c0411 en fait0412 jeme1122 suis sentie hyper0412 bien et en sortant j","t","ʒ","m",0,1,2
184011,"75csb1",1122,"free","e ah oui> sur0412 lesite0411 internet0411 après non c'est tout.","R","l","s",1,3,1
184014,"75csb1",1222,"free","vais en avoir0412 rete0312nu enfin tu vois","R","R","t",1,1,0
184016,"75csb1",1122,"free","SB : Ce0132 queje0112 pouvais en avoir0412 re1222te0312nu enfin","s","k","ʒ",1,0,1
184020,"75csb1",1122,"free","ais été sur0412 lesite0413.","R","l","s",1,3,1
184022,"75csb1",122,"free","2 lui dire0412 commej'avais été sur0412 le1122 site0413.","R","k","ʒ",1,0,1
184025,"75csb1",1422,"free","Ouais> parce0352 quec'est moi qui avait envie de0112 lui dire0412 com","s","k","s",1,0,1
184029,"75csb1",1122,"free",": 'Qu'est-ce0112 quetu en as re1212te0312nu ?' je0112 fais 'ben voil","s","k","t",1,0,0
184033,"75csb1",1122,"free","is allée sur0412 lesite0411' il m'a fait 'ah bon c'était bien euh'","R","l","s",1,3,1
184038,"75csb1",422,"free","Je0132 lui ai justec'est moi qui lui ai donné des bille0411s en fai","s","t","s",1,0,1
184087,"75ccb2",1122,"free","0411 épreuve0412 demath0411 une0412 dictée euh.","v","d","m",1,0,2
184099,"75ccm1",1122,"free","0132 vais/ je0112 medis bon on est dans le0112 contact un peu (X) che","ʒ","m","d",1,2,0
184106,"75ccm1",1122,"free","tout le0112 monde tevouvoie euh parce0352 que1421 euh.","d","t","v",0,0,1
184232,"75ccm1",422,"free","412s par0411 exemplechez (X).","p","l","ʃ",0,3,1
184235,"75ccm1",422,"free","dépend du contextetu vois alor0412s par0411 exemple0422 chez (X).","s","t","t",1,0,0
184239,"75ccm1",1122,"free","tu attende0412s queles gens te1112 tutoient éventuelle0312ment. E :","d","k","l",0,0,3
184251,"75ccm1",122,"free","c'est clair0412 queça viendra pas de1112/ de1112 toi.","R","k","s",1,0,1
184253,"75ccr1",422,"free","32 sais pas un textedu dix0412-septième0412 non pas le0112 C.A.P.E.S","s","t","d",1,0,0
184257,"75ccr1",1122,"free","la version classique0413.","?","?","l","?","?",3
184298,"75clb1",1422,"free","LB : Parce0352 queles professeur0412s de1112 math0412 s'entende0412","s","k","l",1,0,3
184302,"75clb1",1122,"free","11 initiative0412 dece0112 collège0413.","v","d","s",1,0,1
184335,"75csb1",1422,"free","ie-toi parce0352 quetu as l'impression qu'il0411 est tout jeune0412 q","s","k","t",1,0,0
184337,"75csb1",1122,"free","au début je0112 mesuis dit 'méfie-toi parce0352 que1422 tu as l'im","ʒ","m","s",1,2,1
184351,"75csb1",422,"free","B : Mais là  regardej'ai une0412/ j'ai un exemp0452le tu vois genre04","R","d","ʒ",1,0,1
184370,"75ccb2",1222,"free","se0112 faire0412 reprendre0422 par0411 un.","R","R","p",1,1,0
184371,"75ccb2",422,"free","re0412 re1222prendrepar0411 un.","d","R","p",0,1,0
184389,"75clb1",122,"free","évident que0112 jevais l'avoir0413'. E : Hum hum.","k","ʒ","v",0,1,1
